May-04-2019,Username(age)
1,pender(59)
2, freaskie
3, adewhale(41)
4, jideflows(39)
5, uniquebony
6, phronesis(46)
7, femcompany(35)
8, NextProdigy(41)
9, chris4gold(38)
10, opwa4us(31)
11, bologzy(29)
12, olawonder(37)
13, bonnez(35)
14, noble5vers
15, dondigi
16, seankay
17, senitop(26)
18, ewerex
19, mallprof(32)
20, oyfreeman(36)
21, chookudi
22, faksy(30)
23, MORNDEW(29)
24, daymeelarday(25)
25, sigmundfreud(37)
26, Lollyij(25)
27, pavoda(31)
28, Daniel1991(28)
29, Promxy94
30, Phemsammy(29)
31, creamie
32, supernet4(69)
33, Cestmoi1
34, bimchuswhat
35, mykh01(28)
36, Amaragold(29)
37, Firebrand1(36)
38, catalanscrew(36)
39, buchito1(26)
40, kelvin1191
41, pascal109(29)
42, BareDare
43, Rock247
44, nelch05
45, saasala(32)
46, amadex(30)
47, Pearlyakin(26)
48, dgame50(26)
49, yerimastyle(29)
50, Johnboy95(25)
51, Chriswazo(28)
52, Goahead(26)
53, Svelte98(24)
54, ojdonald(31)
55, weedtaker
56, wirelessb(29)
57, evadreams(27)
58, buzzys(42)
59, olakel(33)
60, hoyhebhukhs(26)
61, Busaywhatever(30)
62, Dottune
63, ogaofficer
64, shang6ix(25)
65, pamijlove
66, vickyfrancis1(25)
67, akinsondan
68, habeeblai244(22)
69, lagdmark
70, Nobleman406(23)
71, RichieBrown(22)
72, alaminblaze(22)
73, reachome(25)
74, EmekusTHEgreat
75, chriskalel(23)
76, sirpharrell(46)
77, delex004(23)
78, allenbaker5(66)
79, starboy0042(22)
80, Babycherry(44)
81, jide09
82, cyberhike(32)
83, Skain(34)
84, Ximenes45
85, Pwettyella(26)
86, Gbopemi0(22)
87, wizedon(27)
88, Geesarki(29)
89, toluhakinsanmi(36)
90, Sollat007(24)
91, Bigjosh10(24)
92, saracus(29)
93, Nnemuka
94, buchionwuazor(24)
95, bossoflife(39)
96, DeeD1
97, Aboriota4real(33)
98, Peter5694
99, mrBLAYD(39)
100, UmuEri(44)
101, mcayomind(28)
102, Berrylite(67)
103, Lawlarslim
104, Gaddafiyusf
105, prowolo(29)
106, Monotheist(24)
107, raymondcoker(30)
108, sammyjay7265
109, kwasedi(28)
110, HarbySloy(26)
111, candyyy
112, adebayoolatunji
113, youngaduco(24)
114, ybady4real(26)
115, Triciasexy87(32)
116, Subtlelad
117, Pesguy(23)
118, donmatex(27)
119, mazilious(59)
120, Abdulmalique(33)
121, netzro(40)
122, shollyshine(24)
123, LoveDocAdeshina(30)
124, etiket(21)
125, JJpraise(27)
126, maxnedu11
127, Sambaby7640
128, uzoma02(24)
129, ChrisOssai(20)
130, dprogt(26)
131, Ezesampson518
132, femieunice
133, nigerianshealth(36)
134, kingyong2473(31)
135, Ugo4hotish
136, Radicalman
137, Udantu(32)
138, djkotech(23)
139, kahaled1(21)
140, Njspark(23)
141, Olalekank(21)
142, kolalekan(20)
143, ManIzHot
144, BeingFrank
145, Alejoas(30)
146, Nchetttaa(24)
147, chukwuebuka88(21)
148, Quinic(26)
149, sacajawea(40)
150, henrybangs44(27)
151, oyinatinuke(27)
152, TechCapon(29)
153, fbun(24)
154, Ajibulu1(27)
155, Chanttyoma(30)
156, Tox85
157, Abzee181(23)
158, blet(31)
159, Aminat97(22)
160, Afamnwa
161, Nefertiti1682
162, 47hitman(29)
163, Armstrong44(28)
164, ayomipo123456(26)
165, sodgan01(31)
166, Enkaymoney(23)
167, Kharly1577
168, Vanillacardload
169, bumightpr(22)
170, Emygreat(20)
171, Samson34(49)
172, mariahernandez(26)
173, talnsjhg252(24)
174, tilya22(24)
175, nanciebridges(31)
176, Jessica18(24)
177, mssa22(36)
178, SeePerson92(27)
179, kritiaptehy(27)
180, Bankoleoffice(32)
